Site,Ph,Organic Matter %,Nitrogen %,Phosphorus Mg/Kg,Potassium Cmol(+)/Kg,Cec Cmol(+)/Kg,Bulk Density G/Cm3,Electrical Conductivity Ds/M,Yield T/Ha
Lowland,6.345801174947886,2.4538461636196467,0.27147081692423425,20.068264714369104,0.46996803782078583,12.037265904984217,1.1672783056738167,0.18310653948720307,5.6353383865582485
Lowland,6.4358173015863045,2.2255830663388005,0.21959781683747132,4.3050621771837,0.29857069585725143,6.170087043625601,1.2362863265784247,0.2201375972165181,4.6546843323570215
Lowland,6.329321519291989,2.512817628904699,0.1511707734715175,20.346723307873127,0.24643061449588288,13.028180073007377,1.2101631345803918,0.18857002578575988,4.4015897894271925
Lowland,6.351526650851432,1.9745534783746823,0.10905927052375677,5.49154959069914,0.35164156662207036,2.6081862197532715,1.1141225304073736,0.20964420555609664,3.530714446290005
Lowland,5.860168049680998,2.381003737413997,0.24401989464973228,10.120901745952985,0.45791949134201754,11.524733547317986,1.1974243635939108,0.09002907332380908,4.758789733835556
Lowland,6.667619233088329,2.928060643990823,0.10122865771933745,3.7442868669799765,0.5536750939288997,11.785980858399277,1.2218751586975385,0.11704483005384606,3.8669626264694887
Lowland,6.803721107850761,2.4939323798757123,0.222657772265201,17.507639569477,0.25955263570502873,8.489733658514222,1.1700546956068025,0.3402459193408773,5.188239347681149
Lowland,6.4988680706510324,2.0952431043610744,0.21045834852920936,14.246306293002316,0.34808793824621204,8.268155161099937,1.2639496534276171,0.24878187639878968,4.352916174412598
Lowland,6.314006047221991,2.866196707071066,0.24885776693836184,10.592669686755716,0.3537254695877215,17.948825026460998,1.2007564821614634,0.0746969719031142,5.1109346448009045
Lowland,6.154299020008205,2.926845438186111,0.25684719393836425,12.562026525208337,0.5364164207705027,9.262763103258862,1.247688633681542,0.17072107624864463,5.411288388050175
Lowland,5.600965915225171,3.40744170436943,0.22003365175977854,14.152637281484177,0.3009230976569787,10.918603498911295,1.2393828589586837,0.13257200867959867,4.545396244967434
Lowland,5.75972084428513,3.068721527016189,0.16534825567816072,10.674053960199013,0.6597863940143271,11.984760507423616,1.1439419855714252,0.31309324625481727,3.787866097198027
Lowland,6.2475951439657935,2.9254618421148746,0.18733200965283053,15.669427172667607,0.3672765233020399,7.221080754564271,1.1269974370666962,0.20867491442643948,4.607829915423216
Lowland,6.20901079199634,2.0556443433890954,0.1589718262706391,20.418407930548163,0.4541926981942975,8.438794618897063,1.2152182514253909,0.24931387688306883,4.108683893203402
Lowland,6.019916980989984,2.099485007936603,0.21839015003539175,9.192405411877939,0.481676674881624,11.298258322260024,1.240628601326746,0.2675148075444658,4.121386653198188
Lowland,6.339798791492072,2.68089421454644,0.13273835031933362,9.078790952445935,0.2333396057023114,12.756000913543275,1.2724402007767797,0.19566852570749893,3.833860444156974
Lowland,6.196745497488482,2.3851862918937994,0.09127289085156043,5.624433941612443,0.42201556096594217,14.108091541007894,1.1989514186345709,0.4067176328685775,3.5270972707997874
Lowland,5.937452471988965,2.746887217913081,0.1463395939295311,12.503075320542246,0.45437933296046373,13.380447484364671,1.248335820289124,0.2908418544756018,3.957059778119042
Lowland,6.202585548846108,2.7782025055494786,0.18452078647904607,19.28029431970713,0.4793059690471362,5.1882719392644105,1.248025874921749,0.2742298018155118,4.695795349881026
Lowland,6.500949306342047,2.6326532040595434,0.17286644694499237,17.56295620547681,0.5800643576421906,12.911097754634104,1.1526071754476217,0.2585012099913149,4.982249786152451
Lowland,5.513665310361836,2.0011928428133716,0.273501765322051,10.574384790412143,0.27184064989525236,13.009960079534393,1.158301730069089,0.17109801217807635,4.306658624251643
Lowland,5.9129309118926745,3.293444007591577,0.22692426257673123,15.959442460896376,0.6426063081754648,10.467803423534853,1.2114503347897358,0.2643495920994756,5.128156492375836
Lowland,6.872839137866406,2.1082537584423378,0.28405271297235724,17.172106956013472,0.3996748094312841,11.756380705034086,1.2036378771440943,0.2649069462081963,5.33712818161705
Lowland,6.667841470750275,2.285867719517063,0.2201596439129057,13.6659064921619,0.43965593532431124,6.772499636698273,1.1670468150930702,0.2261038077655074,5.343338638305228
Lowland,6.5173740590837905,2.162053767356084,0.2163004682266358,22.12756738000172,0.2601475286018581,10.299549263407691,1.1420272861678706,0.273610298320469,4.877080573687981
Lowland,6.027149024188725,1.5834956062287322,0.20504302730455418,11.110292374977465,0.3398922584914783,11.06914049547011,1.0283484539566723,0.2426846763751337,4.958846392276773
Lowland,6.209143086753145,2.183304567426749,0.24160506427986328,5.176540362859711,0.4228442030856834,5.33112384782448,1.1121985504790488,0.1603929985726749,4.504383428135266
Lowland,6.161435584889755,1.8087975819261164,0.1684770565929637,15.775151530162193,0.3439597774100983,13.301694554643458,1.2082913820560515,0.24075179093141363,4.120243963486437
Lowland,6.097126768850319,2.363805527684522,0.2503811228634283,11.018716525897494,0.34255664725674745,6.4847470273746985,1.3481080318117886,0.18724225019394047,4.3409635248693865
Lowland,7.177341587897996,3.3300839801042046,0.19159821900284368,14.895541897632988,0.34045210998113035,7.856670580097141,1.1342133734411581,0.27537557431522974,5.212672865038859
Lowland,5.903121562760465,2.5555005158330992,0.22512046026736887,14.177204696884322,0.44012902971981166,9.654784687371908,1.2278947693744282,0.20683124767729283,4.500069806003411
Lowland,6.761944577012336,2.915979484656611,0.18614324766431312,12.030807547077412,0.2560070560079085,8.14601135931544,1.195175291899007,0.2810877929491209,4.888077466609246
Lowland,6.267698515875836,2.9140890176155008,0.12825997258690408,12.939997285331385,0.4978081721118971,9.57352660478724,1.2677305427012906,0.33728583641730436,4.330680867410851
Lowland,5.898919911190593,2.7743207450774467,0.1991958851868987,7.0536925726703235,0.4506876761474967,6.240482133135486,1.281257230579176,0.27603430806602347,4.119811368592004
Lowland,6.45697925046364,3.145549675380693,0.1710886280816467,22.101497712294048,0.26301803925244055,7.56551461492146,1.136827850508038,0.15175091463715779,5.333139761620431
Lowland,6.48543243021508,2.8401122029584123,0.20566204608591038,11.415755805840377,0.1659175767020547,14.478711716881785,1.2553732644290851,0.25576292921690347,5.04867746078217
Lowland,6.744820328863851,2.389754749445641,0.23139477351137125,10.943106862019782,0.2745548429169006,18.27422503189062,1.0534616177081289,0.191357378591627,5.759222228527873
Lowland,6.540848145608001,1.311182195744063,0.22802471146622172,19.4786767682345,0.4160767313555627,9.163273088558622,1.2046550283338466,0.19241072727562875,4.891910760813955
Lowland,5.809314302693387,2.5567570599392093,0.2729613771576485,14.867882941879463,0.4418081421293036,11.922952274121716,1.3013502901149812,0.18087974790392125,4.718273433748958
Lowland,6.008488961696444,2.6186027706444666,0.06859905292231555,18.410969084682133,0.6671096230559495,11.201853430481759,1.217582384784287,0.30506056242930657,3.8896224737652223
Lowland,6.894892844568129,1.2402966183742459,0.1924385976239696,5.159759924777379,0.20817731011406107,13.578395080745103,1.1524715425612386,0.2115845525614942,4.6926830737372764
Lowland,6.845751282684262,2.8010298676739995,0.16947061602382293,16.905270965898566,0.5576780375353114,17.22376967526968,1.3084474002174853,0.2873520197174307,5.097929646273892
Lowland,6.744662383392729,2.707373126867179,0.23735756874164493,11.915063157393812,0.6253095975711724,12.29201209483102,1.192740592961734,0.2650428541135638,5.661905237650325
Lowland,6.254662124735173,3.3623500371010846,0.2717715905659496,16.801567034081742,0.5390950269292706,11.211689173504478,1.1797720922952597,0.18263390597685802,5.709255193761347
Lowland,6.053221818171199,1.8095916463741997,0.19085798875101556,13.462776279959726,0.5183478836225202,12.780163080545844,1.2155549833365633,0.1566790932538552,4.440197964956868
Lowland,6.440245033642229,2.459799484104603,0.17265296067292554,7.605636843998967,0.4035108118071165,12.101796774352977,1.225626620378378,0.1656769140544905,4.461190765018254
Lowland,6.210595643322971,2.7352420858619673,0.20574583123005605,14.669313902692519,0.2921138156227353,12.468769078925309,1.2093893977769592,0.2038957166888553,5.04842334821231
Lowland,6.371612064643566,1.8802032064601146,0.23028931171534944,19.410725235398647,0.39268330926539713,9.114255416108284,1.3291326217225974,0.06925884190993026,4.381577130298596
Lowland,6.315392415495281,1.8156211791066716,0.1619609324975874,19.568733470792516,0.4529633744949139,11.999276319792411,1.3154782982557256,0.20212212200025223,4.016673986521277
Lowland,6.088016383110959,2.27721460953574,0.13073925795342262,18.137589439125385,0.5195910441757269,9.98677254778073,1.3047410031172726,0.18620811204351928,4.184408222999831
Lowland,5.554669314724116,2.8608002668416255,0.20554676372846864,16.177352574778688,0.49212972233725566,3.129115094734045,1.2347060221656228,0.23032544431936788,4.645586157756661
Lowland,6.521009182129139,2.3427543754764524,0.1545707385034477,19.051703612520026,0.37521195476211977,15.0954678299505,1.2866410229572023,0.2661816851484079,4.738125181078838
Lowland,5.995325851236457,2.4680712759895207,0.16421798247919256,27.491317563723772,0.14736905491127722,15.910332097726695,1.2672895163382916,0.2184440951778096,5.021920769761334
Lowland,6.083590208679542,2.7946149308875063,0.2692453978789896,13.40317666153176,0.37715776069955814,12.136457864740185,1.201284607049185,0.27525586601048246,5.222590506619657
Lowland,6.408784633717523,2.8153538097944764,0.16553651215840143,15.606041510809984,0.5035013997747518,5.375946916590436,1.254202574390509,0.27536647704674344,5.027049046107299
Lowland,6.285315847765356,1.1717556631184098,0.18120523189255677,14.589297836798096,0.37377695221964097,15.615947993489158,1.081331898835053,0.1656872326377407,4.384996314915191
Lowland,6.402809125059901,1.5977209885271728,0.1707826336573741,22.440423535887906,0.292898980130948,8.74915096562635,1.1768175779953243,0.20589457328456423,4.21651459509003
Lowland,6.733702349926671,2.0676334180078633,0.21513917581001024,11.549183988773512,0.3811923027568797,6.608999776868835,1.2477616751658376,0.22401552984546141,4.824178439350147
Lowland,6.366557596922308,3.222758864714343,0.14199105083681726,21.754458980736693,0.6236825302954685,11.413233864753364,1.2257729194108427,0.33917842038143775,4.828241979863396
Lowland,5.7790122354351094,1.8950972920712288,0.25779571286737163,23.557069996834475,0.450399878572012,9.420769556195898,1.2932513609336993,0.2627450064192208,4.739156245687875
Lowland,6.481701196621943,2.580045618702511,0.24674271220839727,7.501024489510627,0.19185138820894362,8.790401776728809,1.2661462039436304,0.19603654516717967,5.697997626785557
Lowland,6.681690962557454,2.5952818288930937,0.20481570762386037,20.694854799330187,0.46181354821435217,11.919827583659922,1.236327482824179,0.3070688323526415,5.432360166409712
Lowland,6.69172833208113,2.4592694129170565,0.31994519308727976,22.78549219156315,0.3055678459989521,12.577508294447023,1.1819357205590348,0.25376247163290416,6.713519787061889
Lowland,6.061281505503617,2.926668261157413,0.1590927667694947,17.728071816124906,0.24802476611785892,10.806369183787904,1.308499452171786,0.152388400814083,4.379260630520355
Lowland,6.565669544591857,3.251421015609796,0.26495093578445283,13.527842143704149,0.3808014083667683,8.268105215405742,1.2117648795404465,0.2051640244982564,5.44071689659036
Lowland,6.535863078807607,2.0840654519219415,0.26252142516638693,17.84355924540411,0.4052586807008968,9.057831156284461,1.0595083442682618,0.29143267386353994,5.18789034196057
Lowland,6.555707619291652,2.7916219113233423,0.1459460199553566,15.447186651707604,0.3574281194594554,8.058174878256462,1.3352187764375691,0.3261560066380266,4.564408022030759
Lowland,5.71013800422722,2.8993215415800213,0.12534010518425998,16.942257695171516,0.3502636090983388,10.495296880232484,1.339041255364422,0.130926237953357,3.6421390671625047
Lowland,6.750595660569648,2.0555426717338072,0.22846486850004152,16.797269340455323,0.40043437919921127,14.254232871904506,1.2889100529502757,0.30117694811843604,4.839408198070006
Lowland,6.3405264428164205,1.8499622436817442,0.3083846797627452,20.159892858936576,0.4737440387839359,7.621418449000716,1.1979124059637856,0.43202366821506166,5.087828406028833
Lowland,6.67791722646067,2.5192427484466253,0.1640116796907123,8.9802210495552,0.38706621043979816,12.564607195822276,1.2509173447638127,0.30314210227100946,4.3403888999334646
Lowland,6.1272405133407215,2.468578834813341,0.23576928917153434,18.445210275546298,0.3285205347348008,3.2837673914295076,1.087534578026831,0.2379160354620743,5.195021132105513
Lowland,5.837520392845561,2.0856553963469713,0.19446423354640646,16.47544863971871,0.5079210719425955,13.165776949875447,1.130054286105534,0.20369983290125462,4.179944038767037
Lowland,6.0465570177903585,2.4715978834934123,0.2342253298874458,19.22488874657419,0.26701840923397924,5.089778830574891,1.2995524252810786,0.1608278291802573,4.7167872850003425
Lowland,6.423514844210407,3.2190017253179737,0.2704106774190975,6.112056994046284,0.3564861392195292,9.754756363520665,1.170912481929191,0.1978134931960247,5.492059150130261
Lowland,6.007271779933952,2.030314647845447,0.18721240199077469,14.525780136754365,0.4467157797615542,9.24065696157551,1.2263238274541048,0.3288695826568223,4.645413155050016
Lowland,6.606614570417149,3.615522170908356,0.1866513690720666,13.368619123938442,0.40390914776794107,10.69298681011451,1.120278187409515,0.17311616859034262,5.821486198717635
Lowland,6.206893605022983,2.5151958394351226,0.1730993471605048,15.525183089406465,0.3932883344593948,11.75599515664371,1.0935799565424034,0.17254960252029994,4.535749584466574
Lowland,6.6460800629642725,2.6785048561867377,0.16904737249775728,17.609621512735938,0.44611292834934985,3.5248680392641347,1.116458529115425,0.1974747527462854,4.895788006131895
Lowland,6.346231219641775,2.2640009110537394,0.16690228786319022,20.541398727638466,0.48863337908939986,13.937063007100127,1.2118369135003582,0.2049770401629247,4.280018466837109
Upland,6.271108439142037,1.956038407992902,0.20014165110267992,13.201824216996314,0.44611476781375176,5.4145252412799385,1.3210091489706446,0.16807906611667484,4.850155259754456
Upland,6.282703826575399,1.911274009955492,0.16327840849925854,7.858500890619498,0.2621728256344762,12.214099373558078,1.3399020322781798,0.18764820873775068,4.247155356901428
Upland,6.154040341142503,2.654538454185415,0.13940404704936452,6.124465219319316,0.3285031708269983,9.827136104707398,1.291757199218332,0.15133137556905335,3.787674960237498
Upland,6.016286408570647,1.6585849580027556,0.19409562213321144,9.734304095374632,0.3640375735509821,6.825476625291753,1.170351202596451,0.21650570744480635,3.663197104943996
Upland,5.657697894592509,3.4198266873953544,0.19154626510249065,12.589416948955446,0.28445449895758745,7.227604950855243,1.1987776190589763,0.2886588737930778,4.78019541805064
Upland,5.9530844512652115,3.1034754382898386,0.17549118677068865,9.133128053373476,0.41922362841133,9.461928095293652,1.0960404583591719,0.2455571093370519,4.222232866508527
Upland,5.468897275383316,1.5464511398580578,0.23149548550845636,9.865089446587746,0.29160719079330877,8.731297290923498,1.3483895494340916,0.28971198586857294,3.918154979550977
Upland,6.023186168563509,1.7620268199671107,0.15401098710083777,10.771892092737293,0.43165276339989633,12.274077696777756,1.3937626450752827,0.2834026065614501,3.521220425937133
Upland,5.741185755893689,2.2565147509217964,0.19450450288752757,7.148873831332798,0.34936742573366475,11.718318032563925,1.2541910006731423,0.10270540214171288,4.253303721263114
Upland,6.489119871576668,2.1094879233278383,0.16586523059190905,11.141247289197874,0.3707248526039132,12.667857562132127,1.3023567452359632,0.19611255836974784,4.097541558773624
Upland,6.155396664677605,1.893078105380855,0.21456952734525825,11.122089480072221,0.23916369085722514,13.180068112637505,1.312375388297802,0.1929879953343772,4.342696752059196
Upland,5.809333793850537,2.5574838243189264,0.17226805960861352,14.421018921813685,0.2746822420500514,10.175403836270158,1.3458430851022538,0.2442477221799973,4.359048910861353
Upland,6.121715116593232,1.6535085757554033,0.240386555578617,3.4687926894923917,0.16142788712910167,8.227014813154309,1.3185215953260905,0.08564432929854783,4.23064840953026
Upland,6.018646827232758,2.0097936502398794,0.1538377584251584,9.880743012660446,0.21726435584757836,9.146294181994472,1.3212996643196455,0.2474007404179072,4.128352004492955
Upland,6.290118799644261,1.5635319857309633,0.2100222398048901,9.855949340152485,0.36366584904704713,10.808772004694003,1.1874125012090673,0.3417683009560414,4.609029819074375
Upland,6.583701917315765,2.1123110195767505,0.09733663605983382,12.197249598887659,0.23693121969483888,10.104631064148798,1.269982463209299,0.05616393295183772,3.6577608107407604
Upland,6.240648627275205,2.300017950146237,0.1158769665619177,10.567431923157734,0.3410944193796726,11.282333353247232,1.3742193015512434,0.09891472762373604,3.6799632783886427
Upland,6.10698344259956,1.8602403090772652,0.16154425059300373,9.662943189676552,0.42126316632967997,9.15198716600027,1.3160853302430608,0.12683303951192348,4.342662085880627
Upland,5.817089772267909,2.5730700896586636,0.1321053794236137,11.959224373205807,0.24524326828112442,5.086053645789448,1.3154782351498728,0.17041033333355524,3.554902616399663
Upland,5.9317232516160985,2.2729750210103363,0.11424551587296261,10.845264064299881,0.4747164847576193,10.406178114699657,1.3773575000065548,0.1632829777593496,3.2812342377137425
Upland,5.918271566013898,2.546195866664997,0.17930797689457542,10.439433743413627,0.11732339975370715,8.4129111929185,1.43506926174828,0.3397233431460768,4.038392386900905
Upland,6.399371105850765,2.2895736195307053,0.27413419351124235,4.342476276405559,0.36577044507208206,7.41860409166842,1.2971457269546813,0.03849517798679758,4.76901050415317
Upland,6.507707806067245,1.9900215198276785,0.152681845562329,10.128075084010765,0.48790365399000213,9.69446013310123,1.4352707692210083,0.16734761991183206,3.9102869145829167
Upland,6.174400365320497,1.9354475079816529,0.19228373414869604,8.804273305340171,0.16469035936542642,6.048979249191606,1.2648525469373433,0.16330183223846856,3.9134451098587086
Upland,6.50635003114292,2.099169532035873,0.1317162760749556,11.931990484025103,0.2806566106817504,6.265360181896089,1.258682893533597,0.2968725888244672,4.4896351749399575
Upland,5.060171557896025,3.4892559124228577,0.12267057840594034,16.37082467775852,0.3413726589171268,10.757893232174188,1.2211582817813542,0.15865032753971356,3.5815246173614463
Upland,6.247252549637768,1.956104928123293,0.197722905149279,9.795412634015747,0.3517720091338238,8.448855963336026,1.1611335034066266,0.19686263114957478,4.470512058636463
Upland,6.135544841674034,1.843513853711995,0.22156751983059086,9.056381266787508,0.3268619657906479,4.136666703472899,1.309262578946475,0.20285184217658953,4.342755039774297
Upland,6.329984855107567,2.1621059228316803,0.17770273382671975,1.8867577287893873,0.3049960965439712,6.543579052263282,1.3213939125634182,0.28043139825620844,4.011439801774401
Upland,5.810394164204583,3.1963291606748006,0.2356019209548177,21.975413616582028,0.17715490646058463,11.49815411939294,1.3408022460321283,0.25441533481312273,5.038946519779983
Upland,5.709683934311553,2.389210144733847,0.17308489754247716,14.193956357074676,0.3362389993351742,8.678396303490302,1.2594891511301463,0.2609115091430725,3.607324747297489
Upland,5.7659028642142385,1.8720451690077142,0.13997678830768362,12.640458494729767,0.32636842458851234,8.132141675417836,1.251728822096657,0.18418037639020346,3.6587308990450373
Upland,6.190572560677123,1.4563446578568375,0.12865869472906094,17.861268620538038,0.3646565565555776,5.175891517473339,1.3596036929926085,0.20787148736310382,3.3130455825718927
Upland,6.364086667210259,3.5210623556000282,0.23137252713847842,6.570680763462215,0.44851457550566465,10.505246431236749,1.2996378225154839,0.1483210317160212,5.334695524880903
Upland,5.948239524953312,1.7790697236327593,0.1165736454857417,3.1846909500557707,0.25636328231645156,7.979224450795064,1.2917567298953345,0.23055351621400413,3.248102176433631
Upland,5.945723395731781,2.4354200533468116,0.12956635882162354,10.269095772499844,0.24918652498751054,13.36446974472176,1.2925120745669827,0.22672255012610293,3.837734744588573
Upland,6.746373265310551,2.834838909395265,0.06908287135592289,12.989355960017985,0.3150872946660575,10.415625709181505,1.2609393473215855,0.33212241679743304,4.029362633845279
Upland,6.761916257218897,3.1247259616332324,0.1832555318808544,18.222924088160244,0.337239962821054,4.973238009553536,1.2286450005363108,0.3166507473872631,5.413428748800139
Upland,5.952327938515817,1.6969775819116837,0.1189343719326395,6.636876127113712,0.33434430287429673,8.982749290505108,1.097428126137281,0.10278958954896737,3.7938189978292045
Upland,6.169560805358935,1.7906622694525076,0.19897203936326507,17.56451533184923,0.4046213907676811,7.599711510355337,1.377653649762963,0.11186646384819601,4.41735515433146
Upland,6.1566095031147885,0.9610786136235459,0.13639217837728798,0.26781015232189986,0.2756510576090581,14.248177647096313,1.216402204039351,0.20876235971202545,3.5874057739009833
Upland,6.006945788227285,3.096885671824375,0.20891596981069,9.821218262492492,0.13972734883063495,4.591123775915935,1.2513351616062716,0.23362091410440425,4.723810507681385
Upland,6.5440859272913325,2.3474526430841216,0.11923977469139352,24.23318414785837,0.44592956609242296,11.533385117198868,1.4177830784416643,0.2006004002552902,4.366985540647644
Upland,6.515252134894902,1.4418132697567285,0.10034823819942164,6.625484633727395,0.3851581504021221,11.898471164040032,1.3219772417535651,0.17532509662449786,3.1762860038645613
Upland,6.136346431095121,1.1963601955475618,0.12514794600784285,15.358830800509093,0.2423057682973077,7.9469802522562745,1.3678765845514815,0.19858976412770307,3.3252730376760478
Upland,6.158982954079565,1.4975028236534567,0.17462284941409517,12.749298510875969,0.5377550731339424,8.106555138212581,1.2953062876424486,0.23544546605421632,3.7908253709027524
Upland,6.044119503977587,2.518175423690554,0.18386679751075158,10.703772138652582,0.16529838099285268,8.847941159462312,1.280602266360332,0.1968330324700649,4.315154029471256
Upland,5.8883749334855615,2.093692225991966,0.23896515740491464,4.064711440414114,0.3145576813224306,13.61980445299777,1.194082751440015,0.19565310858724005,5.01000788618408
Upland,6.562581701053882,1.1476617831827698,0.2344819722404578,0.0,0.3955263276492441,12.036908105338926,1.2879901476029,0.30552201559455805,4.088461209874921
Upland,6.014500453927975,2.9680993191462046,0.13802654663589922,7.288051387168689,0.34553558384092387,11.951910118925262,1.3862788192949673,0.07672459152497135,4.126346733674245
Upland,5.930490427021611,1.5297798094917145,0.056365692795822916,4.644646673451223,0.4456792315341567,10.017757431654642,1.2394818863256882,0.19777030465853762,3.1633618634098055
Upland,6.322140032692525,2.0396254857322424,0.21183836415849094,6.21555000502898,0.28594224826360054,7.294068069314454,1.4830755371067075,0.15390847897818122,3.807576345108405
Upland,6.193421390810945,1.2455708560044259,0.07791840752716482,7.458136794377659,0.2980553282825412,9.243782463785552,1.196987110631477,0.1825403640989987,2.963770333080284
Upland,5.960908487053579,2.055565859891542,0.2214520409129763,8.509335376298548,0.2717514438410314,12.247244012530668,1.1019272815025642,0.14828155315194197,4.5075606135167305
Upland,6.424672277240954,2.150990209720553,0.21200747555908167,8.575504532900059,0.43914902444193243,14.082998143845648,1.2025265492199146,0.06442740630730509,4.371049812862392
Upland,5.82508309170417,2.4381997750664905,0.2227359720838635,6.00685661851684,0.32467477076456325,12.143254935423327,1.2430649598284813,0.05078666431643264,4.591417646060484
Upland,6.207348985986047,1.8289558350844415,0.14104429859674583,12.886552676961223,0.3212714744772872,8.104739828812306,1.286309463986945,0.22460464593637194,3.998929359307987
Upland,5.785951866796245,1.7613908419824449,0.22953992258537192,12.158941281265069,0.37543151761392,10.412964789539398,1.1811843531790907,0.22918371877842478,4.079757562167206
Upland,6.297465135465016,2.1579038488392124,0.13186215136313326,16.84699696922285,0.43817374636408246,7.681418222994031,1.382815816792519,0.314093123193744,4.325320396985163
Upland,6.375914897387833,1.9187566565790877,0.10114983834150505,6.970065799727154,0.16510274144138992,7.916906858141191,1.4098757892062148,0.17405987551574587,3.827612026656516
Upland,6.0556195709666545,1.990026594638428,0.16715650297052612,24.17004637581567,0.27719887589415376,4.874357532471834,1.192781503567586,0.17513524199319824,4.213724195008288
Upland,6.058372778860435,2.1955991023338934,0.18129574257998737,8.246205249415288,0.3683749424904833,10.049443226597761,1.3059298083800925,0.2887507579074671,4.141258480841861
Upland,6.456840290713057,2.2269693516734237,0.09095059608700974,7.2399274273859655,0.3310276653361256,8.240119703997454,1.327109402093111,0.29426724520367353,3.6684899987447004
Upland,6.323381951916978,2.3012429982551623,0.157006608329561,9.539574224073938,0.23633804409684925,13.89409315975061,1.2815187722383705,0.13029384896976848,4.011494106990093
Upland,5.900945920146767,1.7883707888765341,0.1766491219114657,5.630561093163232,0.2772857824634027,10.050469443766382,1.189930494100545,0.14684436748279425,3.2318902691236304
Upland,6.617965472002943,2.7732116939027,0.19625742615488162,9.535416668085807,0.5949449005393923,12.966279348942788,1.2973179947180984,0.20715302351664822,4.840046051390383
Upland,6.201953934872018,1.6822820800917602,0.23046483328785405,20.344706843307065,0.36377380378996055,6.288458487821359,1.2911289014301282,0.25691950603333547,4.730447414153842
Upland,6.037527359498349,1.4791315615493743,0.19228686638494907,8.099403992648831,0.5652021067262505,11.368036513152209,1.2350468737289833,0.1249032806731917,3.7864572021685623
Upland,6.113177617533567,2.61921536292732,0.11744642362828515,10.368397973874892,0.21675163508316694,10.921381688482214,1.280269833502307,0.1104351872557843,4.443988576294427
Upland,5.640127605250763,1.4976642891301588,0.12283801989686027,12.381828238443518,0.43984853812959196,9.596215285592452,1.3609603943966817,0.3039754124340632,3.5400959003771213
Upland,5.703204234715294,2.065972253763819,0.19080214367557552,15.799079804186011,0.26115640849678673,12.835252971196745,1.184584941954486,0.22235437398562918,3.8981352379135563
Upland,6.264715365886027,1.3373717746012217,0.24485247623774165,8.108659170013732,0.5541259806572331,4.82433372341041,1.1821033759848107,0.34535410226305086,3.9259008456072744
Upland,6.218585236916414,1.2305526606685515,0.1309263587613944,8.25053045433652,0.47479973054859026,7.949931193170687,1.1857104329852486,0.343098669740329,3.330526461266831
Upland,5.717638296590634,2.2257782518726352,0.1261950450306643,3.402360152696219,0.1898106912464639,5.817527181501985,1.1777198239085882,0.12404575443584172,3.7992629091163277
Upland,6.0854266468743425,1.9589936607160876,0.20059646588463723,3.933876050582282,0.36434985069978343,9.494566631274248,1.3901165525312924,0.19809698314899507,4.218001887306131
Upland,6.355471544727757,2.2519311193778346,0.14331916318412632,10.907095401878694,0.15073073220897354,12.133991130972303,1.314128313336922,0.24764092011803768,4.391670037153512
Upland,6.055208334881247,1.1885785484987996,0.09401720063186092,8.756342274586109,0.3411953660542107,9.508868296528084,1.4159745076833654,0.2421699232760366,2.9906245664901085
Upland,6.002949115359385,1.9140522521638348,0.15454808271097653,0.0,0.3311282632055753,9.240643441834228,1.2830345622735588,0.15184077451132408,3.72040013174197
Upland,6.110582167335415,1.501233550735209,0.16605126418072477,4.905780407816602,0.25084193836135116,3.3358008186664607,1.3880862582540716,0.210847552291468,3.895414872031431
Upland,6.644274126660138,2.9100053946724542,0.15433342140124093,10.675732483093817,0.37904131312922595,11.760988322430084,1.3057034618500623,0.11667565699977794,4.417504642803617
Riverine,6.840353807035525,2.116799695403036,0.11919021991976313,20.05784763564332,0.5025012585061979,11.407226854507236,1.2302114811905778,0.1246426596898596,4.1556781128058375
Riverine,5.973432637436947,2.9927833468896,0.22810442076514983,11.60600408669966,0.410444451429165,12.288788131386598,1.2720704315353188,0.25965071461102496,5.083575357322743
Riverine,6.53941047992367,2.531501169417426,0.2641071813738398,14.03797050450669,0.4882377455194247,11.774645902895536,1.118224182632729,0.27165643896771785,5.325425386606807
Riverine,7.062883050096439,3.1571562226763827,0.22328742249229097,11.830326385727748,0.3974162180544868,10.096824926646368,1.2431835502733772,0.23236366411640855,5.4235119252679675
Riverine,6.34189800119411,3.164258706072861,0.1928774350310684,17.36239647901636,0.2199298209582609,10.836532875604188,1.1372573859195725,0.3211749446480553,5.323129927103913
Riverine,6.044756067670852,3.6342875350679416,0.20532022879045483,20.460584559150938,0.5474484933340461,14.441040945325256,1.2871936456964357,0.24903976797122532,5.047934893880882
Riverine,6.117372623598391,3.5792152499135703,0.275154367103507,17.35162539187773,0.2078511176511963,10.757181493077615,1.1154208740823934,0.4208020590801287,5.792730507179075
Riverine,6.657969071661381,2.1881166933330327,0.18698530011140949,17.670248895675165,0.4968289063533437,10.716888825587148,1.1160804752467781,0.10637059757332915,4.681441311189098
Riverine,6.5682426672769525,2.834639740929743,0.2002483598185685,17.68165049247792,0.45359538633986,11.820713632678952,1.2420896782902473,0.25961242479332314,5.002565629454196
Riverine,5.976341640682612,3.7456153077268297,0.2921425316166987,18.661256385431187,0.13663149774908767,8.790174591242431,1.199248444631126,0.2633433585384793,5.509807647115297
Riverine,6.8701044805398075,3.078393123966353,0.1721691368557758,19.12821066242407,0.46206419076610294,11.271511086937789,1.2257340403180579,0.2317986810132986,5.0986798472281984
Riverine,6.737873404975516,2.0304396040181727,0.2014228745341356,21.56991043415696,0.27722521968936975,14.53846377557128,1.171153107972246,0.2511025970663543,4.604630973075141
Riverine,6.176190595289366,3.3764307073335527,0.2692331794776438,11.962546197711454,0.4612728527916491,8.027275591632831,1.1831452663862183,0.3257223594241361,5.436729545345202
Riverine,6.591855372723775,3.1634558437634417,0.17963090425119657,16.437757113552067,0.35813731367398255,8.11924275517513,1.242971154435223,0.33422962321251415,4.903661738323797
Riverine,6.69229532379678,2.4704290618693197,0.22087381638936193,8.990558627054138,0.37503440944355615,10.087684966157603,1.3062480897033861,0.22710510840443665,5.384425083981663
Riverine,5.652180144553161,2.031100510392247,0.2787432864125398,27.398137220896892,0.7643332757101418,8.686185414483674,1.1852819911008956,0.194709743756113,5.136297446931729
Riverine,6.413908582377727,2.168551728560477,0.25591335512324204,13.651041011842745,0.6468576657452428,13.83924064630256,1.2953456767594356,0.1432907600017725,5.0391526669208995
Riverine,6.364211813783832,3.1100240434131514,0.23892837619790067,16.254880880383336,0.28079116245205327,10.016626297305242,1.2103029160508694,0.26188156196829276,5.281012907160877
Riverine,6.5469538202380875,2.340926201511168,0.21621518023743688,15.049469544719202,0.346377028766448,13.455769165580014,1.1146438572039232,0.24243746234554864,5.09894068446015
Riverine,6.381457456510441,2.637342773480558,0.23723864534652112,19.269378112414252,0.5697088025356573,8.100871877913008,1.1522836414520985,0.4219397169122689,5.134886161598818
Riverine,6.549432022556941,3.603828178333003,0.40432815466457894,8.683272024533064,0.40678909624348114,12.600129479978472,1.0702338364868555,0.2501667463995943,6.79290457418812
Riverine,6.091369964766722,2.105473020919544,0.23588637037221866,17.233645318500812,0.6498727130318644,11.779075932987515,1.1832774335105654,0.4718682619244007,4.95528354210626
Riverine,7.066170110969781,2.828039285698628,0.16668143282617504,26.884384636199353,0.6424175280838148,16.78914592221556,1.22348353507903,0.2789295050279612,4.928309053217724
Riverine,6.517241025527044,3.5118328573354662,0.15273603262391694,16.650137312679288,0.31379333999354686,0.7754161708476985,1.139289708777076,0.29299251145599314,4.964883643245974
Riverine,6.175938934222341,3.069450084302013,0.16405089403296996,12.316172037248421,0.24913077807588094,12.243777561173777,1.2142872383728491,0.13704195901213073,4.831133027899061
Riverine,6.066352214681122,4.287232911666512,0.283611280674723,17.793209831408884,0.43267346675056073,8.370607223046733,1.1661402395523823,0.2603068039878283,6.115279928821699
Riverine,7.067491822837145,3.0908863296076796,0.16154369150341347,19.15876518231669,0.45431122111044886,11.416015106347619,1.0815246885005436,0.2205298615589049,4.864361735497017
Riverine,6.060401664394993,2.940672151787015,0.16707239897970166,8.951405941199956,0.503966350838436,9.364854221642357,1.0779098344653393,0.23163057896935615,3.933980975429183
Riverine,6.232079540600002,2.4141931355925843,0.1702935581622541,14.28322351176204,0.4047425608108607,10.04901744670811,1.1646673916658294,0.12538580786115922,4.038205259688963
Riverine,6.98246490001383,2.508940369012616,0.26698175872964336,16.72191274766069,0.31013039563748934,11.82163979341598,1.04362639737488,0.20514884853606455,5.472785988548124
Riverine,6.511960896632159,1.9799727095357507,0.23185111906150518,20.6969609584334,0.5734715372287083,11.187897796153269,1.119132272372156,0.2731843898586721,5.415190695256606
Riverine,6.680784480244689,1.9649965989272906,0.27792480066268155,15.509144501390601,0.581419786078038,11.95904799036595,1.2330982592814415,0.32366438794711483,4.678741627802115
Riverine,6.667550219923204,2.1544109991503544,0.19751971651020106,16.65758997111826,0.386268518519421,6.681962812157805,1.3936641905589469,0.37191679406618494,4.6719444693591345
Riverine,5.915047924081756,1.586690264008918,0.3046443782329189,5.141409931462714,0.28627682838265295,7.294990444641803,1.185972432093037,0.3126944664687714,5.297422667097481
Riverine,5.882182706577459,2.4693920713077877,0.2800659028843183,11.205105109712255,0.3008694604561482,10.377703398140593,1.1471068994145635,0.249455177170326,4.626557238391376
Riverine,6.889947717274433,3.2118096008605193,0.16513623198662852,10.55043237572498,0.38070144833643593,9.544593897803114,1.195108173637148,0.46580233964245543,4.500675683350518
Riverine,5.898997957578569,2.921260697695277,0.11471641338343291,16.425856433500236,0.530723811351041,11.65885104704207,1.0350220548733986,0.23016329432568072,3.9701240295858042
Riverine,6.440751310004025,3.4870362489279683,0.19157105241239133,21.144451187178465,0.5383659422403357,15.077057543826278,1.1797046335576513,0.1640973519771114,5.234298971854117
Riverine,6.227928843185894,3.702749777132789,0.2913308437214668,22.421968816838913,0.3660625087763317,12.017568213834448,1.1191023728801825,0.30523229958795967,6.171730490489322
Riverine,5.881230938551091,4.4599957830000445,0.15826488042549794,24.502555491312542,0.4399368789070458,9.991844300807328,1.146647898901831,0.31054196371897963,5.315066595247556
Riverine,7.175357952631645,2.981144487325237,0.22137086735019124,6.867955793932902,0.42985650534149755,11.219762885956998,1.2368668026540854,0.33699256557249774,4.975794553356988
Riverine,6.178950104939884,2.952938426859979,0.1702623482973526,15.887769528667025,0.7475336001467006,7.9289267939864025,1.2731188229241146,0.10922853465067786,4.648930722328848
Riverine,6.477737617701936,2.3478712001868134,0.1717604664600843,15.199464530859295,0.4323931487856429,13.808975672140413,1.1774546840959168,0.3267501897412593,4.562064242996463
Riverine,6.803057143646145,3.0316588880827826,0.18254114512253647,16.189326502616744,0.2343838092274141,4.121434113952486,1.2149029409435652,0.34378140863672313,4.98830055234998
Riverine,6.3335155972548245,2.815434776720959,0.15385417720806335,24.513316499857346,0.5257050595690776,13.077593264316912,1.2142837746207844,0.143247711776612,5.033749643914744
Riverine,6.153180501951841,3.2378216140961613,0.20509676301443777,10.233239258545186,0.5021876663633269,8.139809116452742,1.2121661376132655,0.12889863961320752,5.333030316691618
Riverine,6.515870315356878,3.073144831735885,0.20441026757919276,17.00034597768106,0.20982554848555604,10.011323537933475,1.2077505688748162,0.1382731788364876,5.334190151867232
Riverine,6.881166236384077,3.692138053016886,0.21600208395006187,22.775244858150234,0.3738798952444265,9.963279338627858,1.316689890038699,0.3074482519882652,5.672045122677103
Riverine,6.388973703766354,3.04661607501247,0.1815839865253277,21.97476276859407,0.25139191010721085,17.139709642770878,1.3757312501718848,0.2785533702072952,4.676861859558409
Riverine,6.4426425327620676,2.676015088083273,0.2380781637835558,17.12741138149942,0.5471565132649904,8.567842737128931,1.231154960866745,0.24708906441882084,5.2835684677672665
Riverine,6.594105027359775,2.9250564528524183,0.24067767300797172,23.112096164585324,0.5176619293404585,9.333270349692986,1.3499908535624194,0.1156703084780725,5.455234566285552
Riverine,6.5528478722959385,2.899690069113819,0.21443869863059256,16.15433132643151,0.30881211084311855,11.303746489359416,1.1271143885445536,0.3118021589209892,5.4402111721684605
Riverine,6.394447857216011,2.968697351076688,0.20976656206303498,20.758492892094694,0.41401620546792434,10.740264065939922,1.3497535146716613,0.2441382357151366,5.608485275993211
Riverine,6.503774013810255,1.8824220401876364,0.1693092592460601,16.470260054536016,0.46719806392791113,12.895264411030531,0.9749039836608635,0.28977378085145505,3.7497785512791055
Riverine,6.345919408439765,3.2963418315940936,0.19303584413204825,17.017758143817026,0.32680700025391024,4.93765743087964,1.0861864816027913,0.28385198713435567,4.956278317486775
Riverine,6.485849007736545,3.4478718650484814,0.19141547970283856,17.185974094288365,0.4536702014551681,3.469915694966229,1.2888523480515035,0.3279242919377259,5.426104238141877
Riverine,6.410041235334039,4.26461120171218,0.2055359291656514,16.66850357963427,0.48950185474989283,6.406333023579108,1.0357455426137425,0.21093799372197897,5.768090025512201
Riverine,5.9518701071658535,2.184487268941978,0.14358930662969813,17.063671139151104,0.3676237312342045,10.681127072818535,1.1466823984500807,0.12917319087774382,3.9574554640776953
Riverine,6.7633287060069796,2.7723966961512527,0.1673476970823951,17.534422286698494,0.499560277542689,9.747354438479361,1.213479993238196,0.34056132934043803,4.841721477491129
Riverine,6.626051020151683,2.1212210857530356,0.17870648284035326,24.632484680525984,0.5656230135585413,16.81906407368895,1.2780045335090835,0.34880646534099896,4.684433544418155
Riverine,6.720396881671423,2.5677552062457014,0.2988948191498548,16.5364446252977,0.5336834870138938,8.276643622687025,1.10040284224033,0.17044831598200078,6.208085667529122
Riverine,6.372599798201377,2.178453313910191,0.17825967228064354,18.532502131742348,0.3842879622846487,15.232758879711978,1.1845939214883572,0.2820449483723132,4.227750781956827
Riverine,7.000068792133799,3.027233136269785,0.17240461567989177,22.26200598419043,0.32899252279321856,7.7129560963044765,1.221556079627404,0.2022400202039486,5.170334393476817
Riverine,5.866490215163851,3.076370599694841,0.17315647441313292,23.95310040307571,0.44909683442728704,10.428198630299546,1.2495106315818207,0.25467238696310873,5.100327265755504
Riverine,6.3521138473111245,3.5633125345277623,0.2567589011882212,16.311411137263764,0.46926875729603906,11.00295784003825,1.1054039947175205,0.4841474738973698,5.904465540478964
Riverine,6.58671484808356,2.7056693234651044,0.2160342950247663,8.924242347049418,0.5751948065924661,9.6903342263331,1.2217270842475545,0.256600037221457,4.991426556433087
Riverine,6.825914115584516,3.365552200921921,0.19766755120272927,23.77389051082354,0.5125823166049567,6.456190953105593,1.2865458198259887,0.23197099998511586,5.530529143225463
Riverine,6.487946593770218,2.536567273548944,0.13612065854667244,14.95128428573819,0.5563812679800276,9.993780231775828,1.2926165423464075,0.18935439372430624,4.446182606493645
Riverine,6.760627006957043,2.240396041065838,0.2346562868535007,16.72418569476968,0.2443953920008991,10.588937859573907,1.182719281515287,0.33339051211004,4.803193372701749
Riverine,5.54248425290947,3.1565735879316885,0.28523084222942313,20.98303313019997,0.5399141125952522,7.099128111909815,1.1705657679047508,0.3876404132205073,5.490233533933113
Riverine,6.423107025534615,4.259811322183297,0.19205699702857437,19.260254985756372,0.5174733073326065,14.399343491427686,1.1370692072146427,0.1838607808571499,5.312089080259029
Riverine,5.876824549617853,3.0346373739213806,0.23641583320585352,15.64903931153395,0.4243554489526376,7.175263830557669,1.1921644012435686,0.24086650567062487,5.5206145526397705
Riverine,6.678962682745612,3.847500005537288,0.2093704437063563,23.97738461611095,0.3228267223052725,12.401507619701233,1.1574468616993996,0.28509609911612677,6.355390413065301
Riverine,6.108040087896394,3.4803923631898788,0.23273895138972214,20.5108557824758,0.21455258116873505,12.976334424277626,1.2077065078438542,0.2339264450067593,5.633614305862637
Riverine,6.499285204395462,1.9634416623727118,0.16796935913543004,20.03941088543676,0.1980595409755439,17.094921128650213,1.3397156142947704,0.2415220161437413,4.220135215756575
Riverine,6.791620920212895,2.7870293044732866,0.2764988132342454,21.871189387610535,0.5812608276514399,14.187390784375744,1.047277751500562,0.28128907099885986,6.060724452653787
Riverine,6.457911288776265,3.1464112337407353,0.17846794138870986,22.25131470432845,0.3379909523875512,8.237294878299734,1.2131681442930806,0.20409129688974756,4.826189032483201
Riverine,6.620366240426079,2.2128542358604264,0.21935753533153368,8.860278089012942,0.3569640682112423,12.326653085213641,1.1316958688629515,0.14351993503913876,5.226372415964591
Riverine,6.797364684252931,2.3833200405209833,0.22024875487123796,21.501843400172817,0.639714977882575,9.74658776868815,1.25794266029656,0.1395199366361526,5.575383186708243
Riverine,6.3154081551054455,1.9502151210193666,0.2625304316935122,21.19498203443733,0.4740006146497427,7.375663793968151,1.1620269055559322,0.14256020023304283,4.915211483363441
Hillside,5.45182046279855,1.6889515282980114,0.2746628621072662,14.352822969126056,0.2854066707888172,4.48718234837912,1.303388617940967,0.17033831890360848,4.649731158398061
Hillside,5.84590952153678,2.604812701822411,0.12846235928069324,4.498153798099526,0.22569918586749987,17.713142643135413,1.3234174017333364,0.12238400289591561,3.8325662798661306
Hillside,4.861011389478883,1.690475110443164,0.21219902138239854,8.197283593907947,0.2477305621935008,9.296104068771658,1.4330935004800427,0.2799843541459392,2.970636691549508
Hillside,6.038816070618584,1.9572255100803395,0.08516758173165634,10.565964378661018,0.22481952432507962,11.25625978862108,1.395587219541011,0.17088437256736994,3.429594838355737
Hillside,5.97750949741201,2.2740106186252635,0.2209501491566036,18.705562886595725,0.309240208060906,7.425641466491911,1.4142564469580938,0.108319014423876,4.363879452402492
Hillside,6.964750042930657,1.5089104489482248,0.22824779091185043,12.483272224877792,0.09076853291201648,6.913844596355247,1.3771457656649102,0.22366045112037064,4.67420626027373
Hillside,6.053443721217305,2.3922514212553794,0.09014537618191257,0.0,0.16196166910813203,11.96838868645039,1.3906250462236611,0.20669415243537015,3.0442218605522795
Hillside,6.301583843110858,0.9291967140312061,0.14149718137459877,11.522197880915986,0.030415111508777515,13.855625779222017,1.3879493157077296,0.129705051978986,4.133021061964211
Hillside,6.6195910414598345,2.555593859407284,0.18354530954349052,7.322434962586184,0.3642472132274428,9.237137903262154,1.3969589885070508,0.15861401167131037,4.566121577922096
Hillside,6.062493609299032,1.1090766937870677,0.1657353233521042,11.336339451865456,0.24244193892651011,9.603174874260661,1.273641910267907,0.27057078178845345,3.371410753623033
Hillside,6.583816801329783,2.0464397077976075,0.19366347773635698,16.042828322153632,0.3617237819215091,15.079265586202924,1.362308159073708,0.2899264114229081,4.877095950026586
Hillside,5.848949857902639,1.8592662021226065,0.04071775289240495,11.45463374758539,0.22986912750656008,7.445437544566952,1.2185524293426078,0.22814849517287153,2.8592739420554762
Hillside,5.6065071060355205,1.8620797656386348,0.1605535490837883,4.087409719246497,0.01720502718907574,10.638582552737216,1.305876737998614,0.05070550551268682,3.9751447180068507
Hillside,6.008153571883154,2.398172107766187,0.20273880602073488,7.198297334283611,0.2569079441035136,10.359169600265355,1.3272997237942015,0.21875583132142712,4.400710398132963
Hillside,5.343636265263036,2.177154921449625,0.11297541524641816,3.405419610134331,0.4260774779461153,13.268639359724645,1.2658131663831416,0.20955689970791308,3.223147366276324
Hillside,5.856548343829689,1.4737145357540586,0.1250905398050135,13.430657260844972,0.16035920948978205,6.606543942741365,1.2875233979151353,0.10973116067229098,3.6993484607926765
Hillside,6.263656914078291,2.639723186958777,0.054113311969707895,8.147435179238899,0.3929366876944508,13.78444703790538,1.1954372661136814,0.1736948179541314,3.3799930267526985
Hillside,5.693709676586861,1.804339791273408,0.09498399678717766,0.8801021445515449,0.07014714571608355,9.410193391003748,1.402113510919582,0.2034705422877114,3.2935586445490626
Hillside,6.4487109968846035,2.256312209347782,0.24690389516059766,11.718526384804846,0.3290816384236146,7.602777126474715,1.3235943271881165,0.27751736914470687,4.58889466491013
Hillside,6.148043200861576,0.8386558414526992,0.1560195827753444,9.304813259986444,0.30962351826945594,8.710048619834906,1.352623796465205,0.11959803315306798,3.1839791089065574
Hillside,5.380379249446181,2.6593825571956407,0.07703136201804311,6.06771074897147,0.3203459752280239,10.876809324622084,1.2459473545407749,0.20939825573702697,3.5165319429216497
Hillside,5.74711967373439,1.0813610794759252,0.08268475898739228,7.09311728273804,0.31046534293109945,4.09400200300459,1.3650563090057335,0.24889975555415822,2.6039597549605684
Hillside,6.105279246334312,1.755157229048852,0.10727857093146384,11.83573563426788,0.26326780255515714,18.249621691712328,1.3427056419909786,0.1959762969361385,3.5406986559502145
Hillside,6.153395614455085,2.310860868763764,0.19672217664379568,11.257902898572862,0.5188735103801647,4.392138324104964,1.2359592101812094,0.12709532471539026,4.5597548572662365
Hillside,6.534906109541394,2.1427119977599656,0.11323777977216443,1.987688485079044,0.40302685883667644,7.416744191344449,1.2823479825899349,0.21646428517389799,3.9646673857919192
Hillside,6.069467346876243,2.7736804833642656,0.12440055352739066,9.260594759281382,0.25660171178996866,8.065222895716838,1.391255598034366,0.06657203235252686,4.49290256962103
Hillside,5.443917542786909,1.1558599053627865,0.10594585543480764,7.293897112842528,0.37153211801860575,12.172319331149698,1.2124297174626573,0.1573552424680794,2.749615295832113
Hillside,6.0557886449047755,1.7198660762486355,0.2449752778714163,19.476609639897877,0.27143266963204704,9.574910534272846,1.2762604463464635,0.14981453740530085,4.569194734652903
Hillside,6.633118404139636,2.8598828245752825,0.2190706738012343,5.5453531678837145,0.20820510283815497,10.058942724814871,1.1864690995608096,0.22287079984911864,5.245416294597977
Hillside,6.031571932465453,1.8916852496143175,0.20028461531859473,0.45158520714957895,0.12165878973806502,8.734352586267367,1.2712576618659455,0.03312084174030466,3.890321247809571
Hillside,6.35568229976054,2.061154453239404,0.16851248399406207,0.997412180958559,0.3864985233713204,9.920726696157857,1.5144143420831555,0.24207666329595529,3.5151178698092678
Hillside,6.371273942354648,1.6081281384107355,0.09460385458367379,12.699423855280228,0.1527686673137594,12.315729847189143,1.191919908874822,0.14034681796919946,3.201293604412459
Hillside,5.9736688106190305,2.126540045779112,0.19175276233604605,5.940401967276229,0.34493344336440007,9.983161669201682,1.1482542538462694,0.3033504663860423,4.454853248145415
Hillside,6.082771069719199,1.9368532791917912,0.14062956187004075,4.596154157973578,0.27189286017596515,6.798408461443149,1.433084878053215,0.27509772032888924,3.7325664852871685
Hillside,6.155614127266398,1.3835688598110631,0.2239479210631839,7.019630741093206,0.2598307566867084,11.583668588736012,1.3460762703298026,0.2104856283321102,4.294670940064362
Hillside,6.287761301410173,0.5420043653922524,0.11916134290346467,12.655337158176684,0.39505682974626544,7.627912695030522,1.2274586982769902,0.05097551697393973,3.352196829191664
Hillside,5.901637322196011,1.85454843208017,0.10535064701815285,9.474589696911556,0.47928092892156215,10.702156181656678,1.41077052935382,0.14155821921728,3.0204408289064233
Hillside,5.621889574517358,2.3081373994167196,0.14648872937655805,13.735039569939694,0.23144829882269569,8.948577820151352,1.1834456539892053,0.09226941295345938,3.177495700261515
Hillside,5.76322080689347,1.2810515329354275,0.2417846854005239,9.121242451767674,0.3531638072048138,9.797829067762857,1.2554602283933494,0.17747363146030043,4.349496298004199
Hillside,6.035071947477828,2.2275303429868196,0.10581852933118699,15.889252868571106,0.25661432088883906,13.934807581688222,1.3805809169759766,0.08649723711567814,3.444175312456482
Hillside,5.632160582925497,2.3345768099528166,0.1384016373943704,3.2474849629817593,0.370465263769695,8.973259981192138,1.330902964423703,0.16862127699819676,3.2211507820474408
Hillside,6.2676345261696635,1.9702154188059509,0.11585815967470406,19.256765180612753,0.3758104889357593,6.925713299104989,1.1568486903414008,0.15182268223741038,3.961450737714161
Hillside,5.318069958246311,1.4213881782779594,0.21350705386514235,14.807053764808147,0.21819024005349574,12.937122950263687,1.3970433508368123,0.08576834217211675,4.024470848648417
Hillside,6.409496968885723,1.5345488458496226,0.18613487895685954,15.864087188598383,0.15900353037114506,6.258324721986941,1.2821318409601234,0.1396231587711622,4.446273913901287
Hillside,5.4674167082056115,1.6244751792635488,0.21927397143594715,5.18455562580234,0.3123095690278392,11.65526809336577,1.3548019326520802,0.16191889648279473,3.3864884577416605
Hillside,6.18782952546349,2.370823846612182,0.07841920104369351,9.53538083012647,0.28127973238688275,10.498275591932689,1.2059017708033133,0.1357166632892286,3.893030102670533
Hillside,5.978463012505501,1.832945779980347,0.23398332080267067,4.336240748368085,0.45955849489282546,7.462831236118841,1.2218370901527087,0.13638063602003092,4.342579060005916
Hillside,5.917044018713532,1.9104560706485225,0.17992386674806768,7.161338651201142,0.36065047330548805,7.353565422887883,1.2673923971409347,0.09419052739401765,3.6520062327003044
Hillside,5.9310432631354715,0.8554054812033833,0.2612263054849724,9.076271154940951,0.2908572718098659,10.163526965799118,1.1730418335295498,0.14011237688408323,4.25559240961774
Hillside,5.941957965678805,2.0144356755379778,0.22929979486429936,3.218033230536367,0.17790387463909504,4.508574671785595,1.2112346472868247,0.22577510915503393,4.500212725778235
Hillside,6.640289440966903,2.0639557134159086,0.21682711152291273,11.105420946510188,0.33711924813190686,10.673679769942455,1.419002318351671,0.17755416073894875,4.805014515684746
Hillside,5.530849146556225,2.762042203544332,0.030696120044628655,9.669569379578396,0.29822519785135504,10.63151172118502,1.2534159857404534,0.10980090093673793,3.1502241552987464
Hillside,5.592416965830249,1.9304400931940484,0.13705347668059897,0.0,0.2265992414887119,8.610725510830877,1.3889337198335696,0.29775654423241327,3.288695971316686
Hillside,5.764934713228645,2.34298883225149,0.11565408927319643,5.384041310967879,0.35052273848002086,6.760418538286029,1.297016416245069,0.28024999435431697,2.6284448812244445
Hillside,5.431686684720755,2.615188987473611,0.20766142527236575,10.58306498097984,0.08778871292466514,11.425086863062091,1.3553476083608236,0.1563847977998713,4.377547813998079
Hillside,5.2621094149105065,1.713626160573926,0.15436965069643574,9.01800667045509,0.1338758114235681,15.901172111173988,1.3350430499970083,0.1919157628895816,2.5606588791568505
Hillside,5.692130771147845,2.6296075636980834,0.074142128315336,8.491193909328976,0.36880922784058373,8.234041985711997,1.31322988032709,0.15338706184990436,2.9548864077945076
Hillside,5.953590917513198,1.3045535743281211,0.1951632741368947,7.702814158403014,0.4568293365655576,16.510056229599122,1.1753710812816889,0.2310804793773096,4.140528714304193
Hillside,5.920039237940521,1.8024855959558688,0.1894371445854937,14.281556843785307,0.22964433892884356,10.253024399855061,1.3323828797529131,0.29589802507672225,3.6212752631741565
Hillside,6.611855027798996,2.21964163447557,0.18042447642079515,7.819309162109477,0.23552584826109577,11.51008577326502,1.1903276898326844,0.10962450960501491,4.202227386964525
Hillside,6.052035041549132,1.9464099649768811,0.12663273151391596,7.936950660041399,0.38883026737691345,6.285141682811698,1.2269629376373015,0.01621696560774752,3.8509236498663117
Hillside,5.8949075254729655,2.330006895683819,0.08246352352435579,2.729400546784282,0.13813003031100154,6.93717242484153,1.198011034154417,0.1287990464260404,3.4757378226050033
Hillside,6.020721227425298,1.017733123757243,0.15569254715733935,5.331805402385892,0.38424550894193343,4.4460538387407915,1.3487566896868544,0.11510928473156087,2.9195461065336294
Hillside,5.933228114814507,1.709687739036262,0.1338622988365825,7.18354624108523,0.46506724675576766,6.3439350334633176,1.1795347491202997,0.1490615324175119,3.771501912265703
Hillside,5.9490932085764765,2.081593345323274,0.1475261270611758,3.883753083655006,0.23344840547450035,9.3535925793366,1.2686052477282708,0.10531895190700298,3.6471236516226226
Hillside,5.678807678046948,2.735134190561193,0.1130400213424288,10.410471168528266,0.10986158333985782,12.200539756193754,1.4693984378670157,0.2485073336484145,4.065365740290192
Hillside,6.536473680536146,1.5687758848813518,0.1427858953150707,16.552951826400324,0.14596038154905064,6.7365331388341705,1.2442971985111215,0.15544108083117383,4.083552210838856
Hillside,6.718263036037381,1.2340073777033784,0.15623930669724578,6.651872128575015,0.35511583134907715,7.759075313904626,1.2437403579211883,0.17623095649203296,4.065807825740312
Hillside,6.286526621977781,3.4685123667980617,0.2001196621503759,3.6786876658767165,0.31292094682879024,7.365268972104143,1.378483783270859,0.07714323467016795,4.588668484674212
Hillside,5.583232126069588,1.4963006903932428,0.12211546459622963,15.942727743303909,0.33868264496309625,12.351599144834664,1.3060235180544404,0.17447636435773153,3.3889107933487272
Hillside,6.100182488437082,2.9094963800019222,0.320662373712902,6.755317206023883,0.39414231551667656,13.817912769019895,1.2918519936165502,0.2724405651613181,5.27010313645335
Hillside,6.287782929498119,3.8068505298722446,0.1507597542687394,8.934339395716195,0.4086725070786196,11.708525048936451,1.2433937235511703,0.2484648960933522,5.0679836568663035
Hillside,6.4102833130434735,3.155194188649766,0.09894607154844604,4.6848239567383585,0.2805901460123333,12.448959398260968,1.3548819715785727,0.17292542513947964,3.748730110247193
Hillside,5.987912476521875,1.3495563237446677,0.11855584657792115,1.989122308458315,0.4636585120359351,7.966483954246717,1.266404595724254,0.11129910990295433,2.959582454567816
Hillside,6.042277348229847,1.1755950000781017,0.2203953939745119,6.58973502890124,0.41409299282341744,6.970513716816978,1.269312962979486,0.24584580021189426,3.827410133834585
Hillside,6.760934825149979,2.3043058572789117,0.1122729481561097,6.381141144609982,0.28301984352301907,11.698454569242816,1.3344353403322582,0.24717182866097687,3.64281728612435
Hillside,5.540294697527282,2.533994051199407,0.1964682189719602,8.421300831055394,0.22306151191586338,10.22890867404699,1.3130781551712618,0.1831225018644861,4.103302491290252
Hillside,6.163669826996089,1.8232319880249466,0.1750979060848655,16.54771325283727,0.19259156772054967,8.70729696614032,1.291425918800667,0.14443964692405162,4.2010527137892755
Hillside,6.141865350260709,1.4768175138359227,0.16211375335061698,1.6843465132160658,0.27704908228400965,7.011189853711433,1.3132353730062496,0.3168525174903211,3.1430336567647688
Hillside,5.948873228890708,2.2421662168581293,0.12319868296715811,14.750451708243551,0.1945433203587749,5.858996612751804,1.3358283194732787,0.17947770995117002,3.406220684232905
